nome_uf,idade_grupo,populacao_grupo,populacao_estado,proporcao
Acre,0 a 14 anos,221160,908707,24.34
Acre,15 a 24 anos,234625,908707,25.82
Acre,25 a 34 anos,194723,908707,21.43
Acre,35 a 44 anos,108066,908707,11.89
Acre,45 a 54 anos,71717,908707,7.89
Acre,55 a 64 anos,45538,908707,5.01
Acre,65 a 74 anos,32878,908707,3.62
Alagoas,0 a 14 anos,711691,3385876,21.02
Alagoas,15 a 24 anos,775026,3385876,22.89
Alagoas,25 a 34 anos,711444,3385876,21.01
Alagoas,35 a 44 anos,437413,3385876,12.92
Alagoas,45 a 54 anos,341081,3385876,10.07
Alagoas,55 a 64 anos,230172,3385876,6.80
Alagoas,65 a 74 anos,179049,3385876,5.29
Amapá,0 a 14 anos,198176,801387,24.73
Amapá,15 a 24 anos,204644,801387,25.54
Amapá,25 a 34 anos,178895,801387,22.32
Amapá,35 a 44 anos,94543,801387,11.80
Amapá,45 a 54 anos,63213,801387,7.89
Amapá,55 a 64 anos,37479,801387,4.68
Amapá,65 a 74 anos,24437,801387,3.05
Amazonas,0 a 14 anos,1075426,4309591,24.95
Amazonas,15 a 24 anos,1098834,4309591,25.50
Amazonas,25 a 34 anos,928577,4309591,21.55
Amazonas,35 a 44 anos,510664,4309591,11.85
Amazonas,45 a 54 anos,339108,4309591,7.87
Amazonas,55 a 64 anos,215739,4309591,5.01
Amazonas,65 a 74 anos,141243,4309591,3.28
Bahia,0 a 14 anos,2863071,15210585,18.82
Bahia,15 a 24 anos,3222185,15210585,21.18
Bahia,25 a 34 anos,3203551,15210585,21.06
Bahia,35 a 44 anos,2126056,15210585,13.98
Bahia,45 a 54 anos,1636443,15210585,10.76
Bahia,55 a 64 anos,1153753,15210585,7.59
Bahia,65 a 74 anos,1005526,15210585,6.61
Ceará,0 a 14 anos,1802435,9443769,19.09
Ceará,15 a 24 anos,1999303,9443769,21.17
Ceará,25 a 34 anos,2121307,9443769,22.46
Ceará,35 a 44 anos,1232589,9443769,13.05
Ceará,45 a 54 anos,997602,9443769,10.56
Ceará,55 a 64 anos,672897,9443769,7.13
Ceará,65 a 74 anos,617636,9443769,6.54
Distrito Federal,0 a 14 anos,534233,3025927,17.66
Distrito Federal,15 a 24 anos,645058,3025927,21.32
Distrito Federal,25 a 34 anos,686645,3025927,22.69
Distrito Federal,35 a 44 anos,463429,3025927,15.32
Distrito Federal,45 a 54 anos,331472,3025927,10.95
Distrito Federal,55 a 64 anos,206463,3025927,6.82
Distrito Federal,65 a 74 anos,158627,3025927,5.24
Espírito Santo,0 a 14 anos,741496,4089741,18.13
Espírito Santo,15 a 24 anos,788091,4089741,19.27
Espírito Santo,25 a 34 anos,884813,4089741,21.63
Espírito Santo,35 a 44 anos,576351,4089741,14.09
Espírito Santo,45 a 54 anos,467592,4089741,11.43
Espírito Santo,55 a 64 anos,362203,4089741,8.86
Espírito Santo,65 a 74 anos,269195,4089741,6.58
Goiás,0 a 14 anos,1431289,7565296,18.92
Goiás,15 a 24 anos,1571920,7565296,20.78
Goiás,25 a 34 anos,1708037,7565296,22.58
Goiás,35 a 44 anos,1065838,7565296,14.09
Goiás,45 a 54 anos,823795,7565296,10.89
Goiás,55 a 64 anos,555696,7565296,7.35
Goiás,65 a 74 anos,408721,7565296,5.40
Maranhão,0 a 14 anos,1645325,7388638,22.27
Maranhão,15 a 24 anos,1798034,7388638,24.34
Maranhão,25 a 34 anos,1585875,7388638,21.46
Maranhão,35 a 44 anos,892401,7388638,12.08
Maranhão,45 a 54 anos,645132,7388638,8.73
Maranhão,55 a 64 anos,447586,7388638,6.06
Maranhão,65 a 74 anos,374285,7388638,5.07
Mato Grosso,0 a 14 anos,829686,3929449,21.11
Mato Grosso,15 a 24 anos,831145,3929449,21.15
Mato Grosso,25 a 34 anos,907584,3929449,23.10
Mato Grosso,35 a 44 anos,530710,3929449,13.51
Mato Grosso,45 a 54 anos,399845,3929449,10.18
Mato Grosso,55 a 64 anos,258407,3929449,6.58
Mato Grosso,65 a 74 anos,172072,3929449,4.38
Mato Grosso do Sul,0 a 14 anos,606792,2955288,20.53
Mato Grosso do Sul,15 a 24 anos,603485,2955288,20.42
Mato Grosso do Sul,25 a 34 anos,645090,2955288,21.83
Mato Grosso do Sul,35 a 44 anos,391566,2955288,13.25
Mato Grosso do Sul,45 a 54 anos,317264,2955288,10.74
Mato Grosso do Sul,55 a 64 anos,224963,2955288,7.61
Mato Grosso do Sul,65 a 74 anos,166128,2955288,5.62
Minas Gerais,0 a 14 anos,3707919,21903580,16.93
Minas Gerais,15 a 24 anos,4253739,21903580,19.42
Minas Gerais,25 a 34 anos,4662408,21903580,21.29
Minas Gerais,35 a 44 anos,3023580,21903580,13.80
Minas Gerais,45 a 54 anos,2595998,21903580,11.85
Minas Gerais,55 a 64 anos,2013210,21903580,9.19
Minas Gerais,65 a 74 anos,1646726,21903580,7.52
Pará,0 a 14 anos,1991197,8847884,22.50
Pará,15 a 24 anos,2161686,8847884,24.43
Pará,25 a 34 anos,1957418,8847884,22.12
Pará,35 a 44 anos,1094923,8847884,12.37
Pará,45 a 54 anos,766238,8847884,8.66
Pará,55 a 64 anos,507432,8847884,5.74
Pará,65 a 74 anos,368990,8847884,4.17
Paraíba,0 a 14 anos,826921,4270962,19.36
Paraíba,15 a 24 anos,893797,4270962,20.93
Paraíba,25 a 34 anos,905218,4270962,21.19
Paraíba,35 a 44 anos,570833,4270962,13.37
Paraíba,45 a 54 anos,458865,4270962,10.74
Paraíba,55 a 64 anos,317404,4270962,7.43
Paraíba,65 a 74 anos,297924,4270962,6.98
Paraná,0 a 14 anos,2195297,12205406,17.99
Paraná,15 a 24 anos,2368690,12205406,19.41
Paraná,25 a 34 anos,2637125,12205406,21.61
Paraná,35 a 44 anos,1653079,12205406,13.54
Paraná,45 a 54 anos,1458095,12205406,11.95
Paraná,55 a 64 anos,1069300,12205406,8.76
Paraná,65 a 74 anos,823820,12205406,6.75
Pernambuco,0 a 14 anos,1894679,9744501,19.44
Pernambuco,15 a 24 anos,2084058,9744501,21.39
Pernambuco,25 a 34 anos,2076111,9744501,21.31
Pernambuco,35 a 44 anos,1314913,9744501,13.49
Pernambuco,45 a 54 anos,1042581,9744501,10.70
Pernambuco,55 a 64 anos,724940,9744501,7.44
Pernambuco,65 a 74 anos,607219,9744501,6.23
Piauí,0 a 14 anos,681934,3528557,19.33
Piauí,15 a 24 anos,773653,3528557,21.93
Piauí,25 a 34 anos,752065,3528557,21.31
Piauí,35 a 44 anos,463880,3528557,13.15
Piauí,45 a 54 anos,363126,3528557,10.29
Piauí,55 a 64 anos,259137,3528557,7.34
Piauí,65 a 74 anos,234762,3528557,6.65
Rio de Janeiro,0 a 14 anos,2856146,17067152,16.73
Rio de Janeiro,15 a 24 anos,3172967,17067152,18.59
Rio de Janeiro,25 a 34 anos,3537822,17067152,20.73
Rio de Janeiro,35 a 44 anos,2401463,17067152,14.07
Rio de Janeiro,45 a 54 anos,2073125,17067152,12.15
Rio de Janeiro,55 a 64 anos,1678255,17067152,9.83
Rio de Janeiro,65 a 74 anos,1347374,17067152,7.89
Rio Grande do Norte,0 a 14 anos,654658,3546255,18.46
Rio Grande do Norte,15 a 24 anos,742443,3546255,20.94
Rio Grande do Norte,25 a 34 anos,782366,3546255,22.06
Rio Grande do Norte,35 a 44 anos,475828,3546255,13.42
Rio Grande do Norte,45 a 54 anos,393069,3546255,11.08
Rio Grande do Norte,55 a 64 anos,263949,3546255,7.44
Rio Grande do Norte,65 a 74 anos,233942,3546255,6.60
Rio Grande do Sul,0 a 14 anos,1906510,11552033,16.50
Rio Grande do Sul,15 a 24 anos,2093782,11552033,18.12
Rio Grande do Sul,25 a 34 anos,2398844,11552033,20.77
Rio Grande do Sul,35 a 44 anos,1532295,11552033,13.26
Rio Grande do Sul,45 a 54 anos,1427186,11552033,12.35
Rio Grande do Sul,55 a 64 anos,1204482,11552033,10.43
Rio Grande do Sul,65 a 74 anos,988934,11552033,8.56
Rondônia,0 a 14 anos,348152,1703254,20.44
Rondônia,15 a 24 anos,368631,1703254,21.64
Rondônia,25 a 34 anos,379279,1703254,22.27
Rondônia,35 a 44 anos,230699,1703254,13.54
Rondônia,45 a 54 anos,180447,1703254,10.59
Rondônia,55 a 64 anos,118007,1703254,6.93
Rondônia,65 a 74 anos,78039,1703254,4.58
Roraima,0 a 14 anos,186208,693582,26.85
Roraima,15 a 24 anos,172461,693582,24.87
Roraima,25 a 34 anos,154374,693582,22.26
Roraima,35 a 44 anos,78224,693582,11.28
Roraima,45 a 54 anos,51855,693582,7.48
Roraima,55 a 64 anos,31467,693582,4.54
Roraima,65 a 74 anos,18993,693582,2.74
Santa Catarina,0 a 14 anos,1423210,8090990,17.59
Santa Catarina,15 a 24 anos,1535743,8090990,18.98
Santa Catarina,25 a 34 anos,1895570,8090990,23.43
Santa Catarina,35 a 44 anos,1114526,8090990,13.77
Santa Catarina,45 a 54 anos,937548,8090990,11.59
Santa Catarina,55 a 64 anos,688604,8090990,8.51
Santa Catarina,65 a 74 anos,495789,8090990,6.13
São Paulo,0 a 14 anos,7975163,47268907,16.87
São Paulo,15 a 24 anos,8926174,47268907,18.88
São Paulo,25 a 34 anos,10346088,47268907,21.89
São Paulo,35 a 44 anos,6793597,47268907,14.37
São Paulo,45 a 54 anos,5577317,47268907,11.80
São Paulo,55 a 64 anos,4266063,47268907,9.03
São Paulo,65 a 74 anos,3384505,47268907,7.16
Sergipe,0 a 14 anos,469501,2382548,19.71
Sergipe,15 a 24 anos,523956,2382548,21.99
Sergipe,25 a 34 anos,522314,2382548,21.92
Sergipe,35 a 44 anos,321142,2382548,13.48
Sergipe,45 a 54 anos,251026,2382548,10.54
Sergipe,55 a 64 anos,163089,2382548,6.85
Sergipe,65 a 74 anos,131520,2382548,5.52
Tocantins,0 a 14 anos,350986,1636833,21.44
Tocantins,15 a 24 anos,374217,1636833,22.86
Tocantins,25 a 34 anos,352088,1636833,21.51
Tocantins,35 a 44 anos,213674,1636833,13.05
Tocantins,45 a 54 anos,156947,1636833,9.59
Tocantins,55 a 64 anos,104386,1636833,6.38
Tocantins,65 a 74 anos,84535,1636833,5.16